video_id,title,description,thumbnail_link_default,thumbnail_link_medium,channel_id,channel_title,category_id,duration,published_at,view_count,Thumbnail_link,ranking
NFcp_8np3e8,지락이들에게점령당한에그이즈커밍 | 👅나영석의 우르르쾅쾅,"이 회사는 이제 저희 겁니다

#채널십오야 #와글와글 #유료광고포함
#이은지 #미미 #이영지 #안유진 #뿅뿅지구오락실 #지락실",https://i.ytimg.com/vi/NFcp_8np3e8/default.jpg,https://i.ytimg.com/vi/NFcp_8np3e8/mqdefault.jpg,UCQ2O-iftmnlfrBuNsUUTofQ,채널십오야,Entertainment,35.6,2024-02-23 09:00:27+00:00,2761816,[![Image](https://i.ytimg.com/vi/NFcp_8np3e8/default.jpg)](https://www.youtube.com/watch?v=NFcp_8np3e8),1
XqLPk37ZtQs,역대 최고 몸무게와 최고 난이도 등극한 어마어마한 초대형견ㅣ견종백과 세인트 버나드 편,"오늘 견종백과로 만나볼 친구는 세인트 버나드입니다! 

영상 내내 형욱 님은 뭉치의 크기에 감탄하고 
영상 내내 뭉치는 침을 흘렸답니다🐶

00:00 하이라이트 
00:13 세인트 버나드 소개 
00:30 세인트 버나드의 역할? 
01:38 세인트 버나드의 크기?
03:42 세인트 버나드의 생김새?
05:15 세인트 버나드의 활동량?
05:47 세인트 버나드의 여름과 겨울? 
06:18 세인트 버나드의 질병? 
06:45 흔치 않은 견종을 키울 때의 고충? 
07:40 세인트 버나드 예비 보호자에게 하고 싶은 말?
08:49 세인트 버나드의 난이도?
09:19 세인트 버나드를 한마디로 표현하면?

🐶강아지 키우기 어려우신가요!? 
앞으로 저희 채널과 함께 키워봅시다!

📚 보듬교육 : https://www.bodeum.co.kr/
🎁 보듬숍 : https://ppz.kr
✨ 인스타그램 :  instagram.com/hunter.kang   
🐾 비즈니스 문의 : bodeum@episodegroup.kr 

영상 내 번역 자막은 유튜브 번역 No.1, 자메이크에서 제작하였습니다. 
유튜브 채널 성장의 시작은 자메이크(https://bit.ly/Bodeumofficial)

#강형욱 #강아지 #세인트버나드


Copyright ⓒ 2024 Studio Episode - All Rights Reserved",https://i.ytimg.com/vi/XqLPk37ZtQs/default.jpg,https://i.ytimg.com/vi/XqLPk37ZtQs/mqdefault.jpg,UCee1MvXr6E8qC_d2WEYTU5g,강형욱의 보듬TV,Pets & Animals,9.7,2024-02-24 03:00:29+00:00,2679161,[![Image](https://i.ytimg.com/vi/XqLPk37ZtQs/default.jpg)](https://www.youtube.com/watch?v=XqLPk37ZtQs),2
hGAwSz0QJ7w,여자친구 있는 이유 (SUB),"#웹드라마 #기본매뉴얼 #택시 #카페 #셀카 #음성메시지
멤버십 가입 - https://www.youtube.com/channel/UChgOgRNxrtCcVARDQT_c-Zg/join


광고문의 - ad@shortenm.com
일반문의 - short_paper@naver.com
배우지원 - short_audi@naver.com
배우협업문의 - casting@shortenm.com",https://i.ytimg.com/vi/hGAwSz0QJ7w/default.jpg,https://i.ytimg.com/vi/hGAwSz0QJ7w/mqdefault.jpg,UChgOgRNxrtCcVARDQT_c-Zg,짧은대본 ShortPaper,Entertainment,5.4,2024-02-24 11:00:39+00:00,493859,[![Image](https://i.ytimg.com/vi/hGAwSz0QJ7w/default.jpg)](https://www.youtube.com/watch?v=hGAwSz0QJ7w),3
kSYYaB-4QFY,일본방송사가 만든 한류드라마에 일본여성들이 푹 빠진 이유,"일본에 사는 한일부부가 일본의 다양한 정보를 투머치토크!
한국에서는 알 수 없는 시사/경제/생활/문화등의 정보를
일본 현지인의 시선으로 알기 쉽게 이야기합니다.

[촬영날짜] 2024년2월24일


◆라이브(생방송)◆

매주 수,토,일에 토크 생방송을 진행하고 있습니다.
주말에는 일본 여러 동네를  여행하는 야외방송도^^


◆자기 소개◆

ー오상(박준식)ー
울산 출신 한국인, 2003년부터 일본거주, 교토대 졸업,
일본기업·외자계 기업 근무 경험, 일본어 네이티브 수준 

ー츄미코(박미사)ー
아이치/미에현 출신 일본인, 도시샤대 졸업,
나고야대 법대 중퇴, 전 항공사 승무원, 한국어 계속 공부중(TOPIK 6급 취득자)


◆비즈니스 문의◆

ｐａｒｋｇａｎｅ８４@지메일.com

※구체적인 안건 내용 및 조건이 적혀 있지 않은 메일, 개인적인 메일은 답장하지 않은 점, 양해해 주시기 바랍니다.


◆후원하기◆

(투네이션)
https://toon.at/donate/636790796373914461

(멤버쉽 가입)
https://www.youtube.com/channel/UCpK0ae9lWdtyDi9Cdc1Fqeg/join


◆팬레터등의 주소◆

https://pf.kakao.com/_DGJxkxl
위의 링크에서 카톡을 보내주시면 사서함 주소를 알려 드리겠습니다.
(※ 답변은 일주일 정도 걸립니다. )


#일본정보 #일본문화 #박가네",https://i.ytimg.com/vi/kSYYaB-4QFY/default.jpg,https://i.ytimg.com/vi/kSYYaB-4QFY/mqdefault.jpg,UCpK0ae9lWdtyDi9Cdc1Fqeg,ぱく家(박가네),Entertainment,19.6,2024-02-24 23:00:22+00:00,410894,[![Image](https://i.ytimg.com/vi/kSYYaB-4QFY/default.jpg)](https://www.youtube.com/watch?v=kSYYaB-4QFY),4
4awdUHqDERQ,슈퍼카 4대로 고등학생 졸업식 가주기,캬 꽃감이 행복하겠다,https://i.ytimg.com/vi/4awdUHqDERQ/default.jpg,https://i.ytimg.com/vi/4awdUHqDERQ/mqdefault.jpg,UC-5acDjU6XFWu-__G17V_YQ,와나나,Entertainment,9.9,2024-02-25 11:33:46+00:00,282447,[![Image](https://i.ytimg.com/vi/4awdUHqDERQ/default.jpg)](https://www.youtube.com/watch?v=4awdUHqDERQ),5
YLDaHA2x2d4,송이한테 청혼하는 날 (ENG/JPN),"Please activate the subtitles in the settings. 

★아름송이의 다른 일상도 궁금하다면!
IG : @areumsongee
E-MAIL : 0musehouse0@gmail.com",https://i.ytimg.com/vi/YLDaHA2x2d4/default.jpg,https://i.ytimg.com/vi/YLDaHA2x2d4/mqdefault.jpg,UCZggbgiMY7u4Def37xQpyAQ,areumsongee아름송이,People & Blogs,10.8,2024-02-24 12:00:33+00:00,366415,[![Image](https://i.ytimg.com/vi/YLDaHA2x2d4/default.jpg)](https://www.youtube.com/watch?v=YLDaHA2x2d4),6
mXQVRkAWO9Q,브롤 토크: 신규 경쟁 모드! 💀 [브롤스타즈],"브롤 토크가 새로운 업데이트와 함께 찾아왔습니다!
파워 리그가 사라지고 경쟁전이 새롭게 등장합니다!

📲 지금 다운로드 받으세요 👉 https://supr.cl/BrawlStarsKR

브롤스타즈 Youtube 🔗 https://www.youtube.com/BrawlStarsKorea/
브롤스타즈 공식 카페 🔗 https://cafe.naver.com/brawlstars
브롤스타즈 Kakaotalk 🔗 http://pf.kakao.com/_Wqxdwxj/friend
브롤스타즈 Facebook 🔗 https://www.facebook.com/BrawlStarsKorea/
브롤스타즈 Instagram 🔗 https://www.instagram.com/brawlstars_korea/ 
브롤스타즈 Tik Tok 🔗 https://www.tiktok.com/@brawlstars_korea

#브롤스타즈 #브롤토크 #업데이트 #시간의발자취
#brawlstars #brawltalk #update #sandsoftime",https://i.ytimg.com/vi/mXQVRkAWO9Q/default.jpg,https://i.ytimg.com/vi/mXQVRkAWO9Q/mqdefault.jpg,UClJspSpzADMROqOW9HLHaoA,브롤스타즈,Gaming,11.7,2024-02-24 16:12:58+00:00,160262,[![Image](https://i.ytimg.com/vi/mXQVRkAWO9Q/default.jpg)](https://www.youtube.com/watch?v=mXQVRkAWO9Q),7
ctFY6cVOoA4,PLAVE(플레이브) 'WAY 4 LUV' M/V Teaser,"PLAVE(플레이브) 2nd Mini Album
'ASTERUM : 134-1' 

2024.02.26 MON 6PM (KST)

🔹PLAVE(플레이브) OFFICIAL
FANCAFE : https://cafe.daum.net/plave
X : https://twitter.com/plave_official
INSTAGRAM : https://www.instagram.com/plave_official
TIKTOK : https://www.tiktok.com/@plave_official
FACEBOOK : https://www.facebook.com/Plave.official

#PLAVE #플레이브
#WAY_4_LUV #W4L
#ASTERUM_1341",https://i.ytimg.com/vi/ctFY6cVOoA4/default.jpg,https://i.ytimg.com/vi/ctFY6cVOoA4/mqdefault.jpg,UCPZIPuQPrfrUG9Xe_okEmQA,PLAVE 플레이브,Entertainment,0.6,2024-02-24 15:00:35+00:00,206355,[![Image](https://i.ytimg.com/vi/ctFY6cVOoA4/default.jpg)](https://www.youtube.com/watch?v=ctFY6cVOoA4),8
CKbqb4N9HLQ,[28회 하이라이트] 고려를 위한 김동준의 역도들을 향한 분노.. 주석태의 최후? [고려거란전쟁]|KBS 20240225 방송,"고려거란전쟁 전체회차 바로 보기 
https://www.youtube.com/playlist?list=PLPJzFoOSNF-N1SSq46iCe0sILLfbTOuPq

고려거란전쟁 하이라이트만 다시 보기 
https://www.youtube.com/playlist?list=PLtIE58PMEFP4GqXmqcxjaf2qzWhZSAyop

채널에 가입하여 혜택을 누려보세요.
https://www.youtube.com/channel/UCn0nlepACCBD6rxj-GUwn5A/join

#최수종 #김동준 #고려거란전쟁 #KBS #사극",https://i.ytimg.com/vi/CKbqb4N9HLQ/default.jpg,https://i.ytimg.com/vi/CKbqb4N9HLQ/mqdefault.jpg,UCn0nlepACCBD6rxj-GUwn5A,KBS Drama Classic,Entertainment,9.9,2024-02-25 14:22:46+00:00,122086,[![Image](https://i.ytimg.com/vi/CKbqb4N9HLQ/default.jpg)](https://www.youtube.com/watch?v=CKbqb4N9HLQ),9
vPy92gmO1wQ,소주랑,"#스케치코미디 #숏무비 #냉삼
.
.
.
BGM출처
https://www.youtube.com/watch?v=FxFrjA3US3g",https://i.ytimg.com/vi/vPy92gmO1wQ/default.jpg,https://i.ytimg.com/vi/vPy92gmO1wQ/mqdefault.jpg,UCv-HJGOUupbVHCEBRdcLuVA,180초,Comedy,7.6,2024-02-25 02:00:30+00:00,615951,[![Image](https://i.ytimg.com/vi/vPy92gmO1wQ/default.jpg)](https://www.youtube.com/watch?v=vPy92gmO1wQ),10
Ec-L-JiD9zY,(SUB) 르세라핌(LE SSERAFIM) 예능 좀 한다더니 EASY~하게 접수하고 갔습니다 #먹방 #마피아게임ㅣ할명수 ep.171,"명-하!

#명수네게스트하우스 🏡
르세라핌 체크인🔑 00:00
명카찬스 밥도 먹고 10:27
마피아 게임도 하고 18:35
200만 되면 또 놀러오는 거다💚

+ 다음 거 이유갓지않은이유 39:27

*ENG/JPN subtitles uploaded!  Thank you for waiting😊*

#LESSERAFIM #르세라핌 #할명수 #박명수
=======================================
✌할명수 인스타그램✌ https://www.instagram.com/jtbc_hms/

※ 협찬/비즈니스 문의
JTBC 마케팅솔루션팀 jtbc.ms@jtbc.co.kr

※ 지나친 욕설 및 인신공격성 댓글은 삭제 조치될 수 있습니다.",https://i.ytimg.com/vi/Ec-L-JiD9zY/default.jpg,https://i.ytimg.com/vi/Ec-L-JiD9zY/mqdefault.jpg,UCmbGE7Y2ov7pTBuUrkXgtTQ,할명수,Entertainment,39.8,2024-02-23 08:30:06+00:00,835995,[![Image](https://i.ytimg.com/vi/Ec-L-JiD9zY/default.jpg)](https://www.youtube.com/watch?v=Ec-L-JiD9zY),11
wRrytfS8wrA,온세계 유행을 이끌었는데.. 어느새 지고 있는 명품템,"#패션 #지는패션 #패션트렌드


👚착장 정보
아우터 / 자라 (단종)
이너 / 띠어리
https://www.ssfshop.com/Theory/GM0023072667671/good
귀걸이 / 핀리 
http://www.finnlee.co.kr/39/?idx=158



------
📸 사진 출처 : 
- Vogue.com

📩 비지니스 문의 :
fashioncolumntv@gmail.com

(c) 콘텐츠에 대한 저작권은 '옆집언니 최실장'에게 있습니다.",https://i.ytimg.com/vi/wRrytfS8wrA/default.jpg,https://i.ytimg.com/vi/wRrytfS8wrA/mqdefault.jpg,UCzYB6YA5f-Tc7GQcIese7pg,옆집언니 최실장 stylist unnie,Howto & Style,11.2,2024-02-25 01:05:01+00:00,217805,[![Image](https://i.ytimg.com/vi/wRrytfS8wrA/default.jpg)](https://www.youtube.com/watch?v=wRrytfS8wrA),12
F8f_Tobdu6o,손님과 알바,"#띱 #써브웨이 #썹픽 #스케치코미디

손님과 알바

정말 간편하고 빠르고 순식간에 주문이 끝나버렸다..
써브웨이 베스트 조합으로 알아서 만들어주는 썹픽!

재료 하나하나 고를 필요 없이
썹픽 한마디로 주문 끝!

이탈리안 비엠티™ 썹픽!
스테이크 & 치즈 썹픽!
로티세리 바비큐 치킨 썹픽!

규남이가 먹은 썹픽이 궁금하다면 ?
https://www.subway.co.kr/eventView?eventIdx=243

용DJ / 윤태용 - https://www.instagram.com/actor_y16/
알바생 / 윤혁준 - https://www.instagram.com/yhjune/
여손님 / 김규남 - https://www.instagram.com/knamiiiiii/
남손님 / 정수한 - https://www.instagram.com/_soo_han/

엔딩곡 : Dear Marie - Loving Caliber",https://i.ytimg.com/vi/F8f_Tobdu6o/default.jpg,https://i.ytimg.com/vi/F8f_Tobdu6o/mqdefault.jpg,UCaxbXRPhdHPXjM-e-F00LVA,띱 Deep,Comedy,6.8,2024-02-24 03:00:14+00:00,1170424,[![Image](https://i.ytimg.com/vi/F8f_Tobdu6o/default.jpg)](https://www.youtube.com/watch?v=F8f_Tobdu6o),13
a9zveOP4Zno,가슴 속이 답답해지는 최악의 디자인 월드컵,"▶같이 보면 좋은 추천 영상
https://youtu.be/qbLpfBgZ2zg?si=VJuru7456bJWmy3P
▶'침착맨의 이상형 월드컵' 모아보기
https://www.youtube.com/playlist?list=PLif_jr7pPZAAGRKOHgas0qm05Ha_wMUmN

▶이 영상의 생방송 원본
  •2024년 2월 19일 방송분: https://www.youtube.com/live/Y6qsbBcWcpU?si=sQJBFDlxL3b5CW-X

#침착맨 #최악 #디자인 #이상형월드컵",https://i.ytimg.com/vi/a9zveOP4Zno/default.jpg,https://i.ytimg.com/vi/a9zveOP4Zno/mqdefault.jpg,UCUj6rrhMTR9pipbAWBAMvUQ,침착맨,Entertainment,29.8,2024-02-25 10:00:00+00:00,646049,[![Image](https://i.ytimg.com/vi/a9zveOP4Zno/default.jpg)](https://www.youtube.com/watch?v=a9zveOP4Zno),14
oDSojqcBc0o,최초공개🐹 동물 왕국에 간 하남자 트리오 [하남자 여행 in 고베 2화],"사실 동물원 너무 재밌었습니다..!! 😻

하남자 여행 1화 https://youtu.be/IvXpXD4y4b8

본 영상은 [쌤소나이트 레드] 부분 유료 광고를 포함하고 있습니다.

쌤소나이트 레드 24SS VICKSON 백팩 
신학기 프로모션 10% 할인 (2.29까지)

🔎 기획전 바로가기 
https://bit.ly/42P5gLN


🧦인스타 https://bit.ly/3rrs0hN
✏️네이버 카페 https://bit.ly/2PCIO7C

#주우재 #조세호 #우영
Copyright ⓒ 2024 Studio Episode - All Rights",https://i.ytimg.com/vi/oDSojqcBc0o/default.jpg,https://i.ytimg.com/vi/oDSojqcBc0o/mqdefault.jpg,UCw-kXdzxMdMdLNI0ZlFFbmA,오늘의 주우재,People & Blogs,25.9,2024-02-23 10:00:40+00:00,510047,[![Image](https://i.ytimg.com/vi/oDSojqcBc0o/default.jpg)](https://www.youtube.com/watch?v=oDSojqcBc0o),15
QTiygeQcG4Q,15kg 판다 인형 뽑기 인증 썰 풉니다ㅋㅋㅋㅣHow I Got 15kg Panda Doll,"송바오가 뽑은 판다 인형 아니고요 퇴근길입니다^^  아이바오 대신 쌍둥이들 퇴근시키는 사육사들

#집에서함께애니멀봐 #쌍둥바오 #루이바오 #후이바오 #푸바오 #아이바오 #러바오 #판다 
-------------------------------------------------
관련 영상 더보기 🥰
푸바오와 추억 만들기에 이모와 할부지들 총 출동! 푸바오 잘 가(가지마)↓↓↓
https://youtu.be/N0TIy8pBEZw
-------------------------------------------------
애니멀봐와 한배타고⛵   
-유튜브: https://goo.gl/WL9mGy
-페이스북: https://www.facebook.com/sbstvanimal
-인스타그램: https://www.instagram.com/sbsanimal
-트위터: https://twitter.com/sbsyang
-------------------------------------------------
[Credit Music♪]
🎵Music provided by 브금대통령
[Comic Music] Short Comedy  

🎵Music provided by 브금대통령
[디즈니풍 판타지음악] It's a Great Show! 

🎵Music provided by 브금대통령
용서 못해 
https://www.youtube.com/watch?v=b3goSYOwtyo
-------------------------------------------------",https://i.ytimg.com/vi/QTiygeQcG4Q/default.jpg,https://i.ytimg.com/vi/QTiygeQcG4Q/mqdefault.jpg,UC22go5LdQEw-iDuxFb4C0hw,SBS TV동물농장x애니멀봐,Pets & Animals,8.6,2024-02-25 23:00:14+00:00,170934,[![Image](https://i.ytimg.com/vi/QTiygeQcG4Q/default.jpg)](https://www.youtube.com/watch?v=QTiygeQcG4Q),16
tyAkAtBUolY,"한국에서 일했던 노동자, 의류사업 일으켜 대규모 공장 사장이 된 성공인생 - 방글라데시2","분량조절 실패로 리쿠형님 가정집 방문은 다음편에..
감사합니다.


카메라 : GoPro 10, iPhone 13
편집 프로그램 : Final Cut Pro
이메일 : dndudwls9423@gmail.com
인스타그램 : @jay_yj_w",https://i.ytimg.com/vi/tyAkAtBUolY/default.jpg,https://i.ytimg.com/vi/tyAkAtBUolY/mqdefault.jpg,UCxU8QX7IRRIW0VLuoWWoxbw,여행가 제이 [Jay world traveler],Travel & Events,22.2,2024-02-24 08:00:33+00:00,320648,[![Image](https://i.ytimg.com/vi/tyAkAtBUolY/default.jpg)](https://www.youtube.com/watch?v=tyAkAtBUolY),17
01BtLyxHtZ4,[하나은행] 자산관리의 영웅은 하나! (15s),"[#EVENT] 자산관리의 영웅은 하나 🍀

임영웅이 음악에만 전념할 수 있는 이유는?
바로 자산관리는 하나은행에 맡기기 때문! 🗃️

‘영웅은 하나!’ 함께 펼쳐나갈 날들에
많은 기대와 응원 부탁드려요 💚

🎉 HANA × HERO 잘 부탁드립니다 🎉

우리 함께 가요 ~ 🎵🌈
📅 2024.02.27 하나원큐 app 이벤트 OPEN 예정
📅 2024.03.04 하나원큐 ‘LIVE하나‘에서 스페셜 영상 단독 공개 예정 (12PM)

[#EVENT] HANA × HERO 시청 소감 이벤트 💪
하나은행과 임영웅의 첫 시작, 광고 영상 시청 소감을 댓글로 남겨주세요 🎉 추첨을 통해 하나은행이 특별한 선물을 보내드립니다! 🙌

🎁이벤트기간 : 2024.2.23(금)~2024.3.3(일)
🎁당첨자발표 : 2024.3.5(화) / 유튜브 내 댓글 발표
🎁당첨자선물 : 
1등 [오주코] 대형 여행용 백팩 x 5명
2등 [파리바게뜨] 교환권 1만원 x 10명 
3등 [멜론] 스트리밍 30일 이용권 x 10명
🎁하나TV 구독하면 당첨 확률 UP!

#하나은행 #Hanabank 
#임영웅 #limyoungwoong #영웅은하나

-----
※ 유튜브 이벤트 당첨자 선물은 사전 통보 없이 변경될 수 있습니다.
※ 유튜브 사은품은 현금으로 환가 또는 교환이 불가능하며, 모바일 교환권은 연장, 환불, 재발송이 불가합니다.
※ 유튜브 이벤트 관련 문의는 으로 문의하여 주시기 바랍니다.
※ 금융상품에 관한 계약을 체결하기 전에 금융상품 설명서 및 약관을 읽어 보시기 바랍니다. 
※ 금융소비자는 해당 상품 또는 서비스에 대하여 설명 받을 권리가 있습니다.
※ 본 홍보물은 2024년 12월 31일까지 유효합니다. 단, 유튜브 댓글 이벤트는 2024년 3월 3일까지만 유효합니다. 유효기간 이후에는 게시물 관리 기록 목적으로 유지됩니다.
※ 본 홍보물은 법령 및 내부통제기준에 따른 절차를 거쳐 제공됩니다. 
※ 준법감시인 심의필 제2024-광고-01552호(2024.02.23)/ CC브랜드240223-0286",https://i.ytimg.com/vi/01BtLyxHtZ4/default.jpg,https://i.ytimg.com/vi/01BtLyxHtZ4/mqdefault.jpg,UCSHbm2TrspNZ_p_yd39kMNg,하나TV [하나은행],Gaming,0.3,2024-02-23 00:00:00+00:00,2376840,[![Image](https://i.ytimg.com/vi/01BtLyxHtZ4/default.jpg)](https://www.youtube.com/watch?v=01BtLyxHtZ4),18
CaOgX5CYKSk,"[강원 평창] ""여기는 소 밥 주는 거 말고 할 일 없어"" 아무도 없는 해발 700m 오지 '돈너미'에서 30년째 근심 없이 사는 노부부┃#한국기행 #방방곡곡","🍁보약같은 친구 : https://bit.ly/ebs_bang

굽이굽이 산길을 숨차게 올라가다 겨우 만난 하늘 아래 첫 번째 마을, 돈너미. 평창 해발 700m에 위치한 이곳에선 카르스트 지형이 만들어낸 어디에서도 볼 수 없는 독특한 경관이 펼쳐진다. 카르스트 지형 사람들만의 특별한 생활 방식이 있다는데! 해발 700m 산꼭대기이지만 낮에는 난방을 전혀 하지 않고, 눈이나 비가 오면 물을 받아 사용한다는 돈너미 마을 사람들. 그 이유는 과연 무엇일까?
“옛날에 여기서 돈을 많이들 벌어서 지고 가다가 넘어졌대. 그래서 돈너미래요” 고요하기만 할 것 같은 오지마을. 그곳에 알콩달콩 사는 부부가 있다! 자연의 멋에 반해 이곳으로 귀농을 했다는 한영춘, 김하영 부부. 돈너미 마을은 산꼭대기이지만, 먹을 것이 넘쳐 난다는데. 봄 같은 따스한 부부를 만나러 풍요가 넘치는 그곳, 돈너미 마을을 찾는다. 

✔ 프로그램명 : 한국기행 - 오지, 봄이 오지, 2부, 고개너머 무릉도원, 돈너미
✔ 방송 일자 : 2019. 03. 05

#한국기행 #오지 #부부 #산골생활 #자급자족",https://i.ytimg.com/vi/CaOgX5CYKSk/default.jpg,https://i.ytimg.com/vi/CaOgX5CYKSk/mqdefault.jpg,UC1w8n82XeekpcvsgeBpxslA,EBS 방방곡곡,Travel & Events,13.2,2024-02-25 07:00:07+00:00,213783,[![Image](https://i.ytimg.com/vi/CaOgX5CYKSk/default.jpg)](https://www.youtube.com/watch?v=CaOgX5CYKSk),19
vBDnT4MS-gA,[10만 구독자 QnA] 다 답변해 드립니다,아닙니다.^^,https://i.ytimg.com/vi/vBDnT4MS-gA/default.jpg,https://i.ytimg.com/vi/vBDnT4MS-gA/mqdefault.jpg,UCrG4nCuPrsnnYpTZx2km-3w,청계산댕이레코즈,People & Blogs,5.2,2024-02-23 05:55:46+00:00,889570,[![Image](https://i.ytimg.com/vi/vBDnT4MS-gA/default.jpg)](https://www.youtube.com/watch?v=vBDnT4MS-gA),20
N2IrX5rvOgg,홍수도 나고 갇혔는데.. 돈까스나 튀겨보자.. (네덜란드 천국 아님),"부채널 멜라니의 일상은 ""멜랑"" https://www.youtube.com/@bonglebaby
멜봉 인스타: @melandbong www.instragram.com/melandbong
봉글이 인스타: @bongle.baby www.instragram.com/bongle.baby
협업 문의: mel.h.park@gmail.com",https://i.ytimg.com/vi/N2IrX5rvOgg/default.jpg,https://i.ytimg.com/vi/N2IrX5rvOgg/mqdefault.jpg,UCz0F9ndJTA0eL2XyL5R8YNg,멜봉 네덜란드 MelBong,People & Blogs,14.0,2024-02-25 10:51:27+00:00,111529,[![Image](https://i.ytimg.com/vi/N2IrX5rvOgg/default.jpg)](https://www.youtube.com/watch?v=N2IrX5rvOgg),21
fXA_o2-8kOg,유럽 일류 셰프들 처음보는 한국 뼈해장국 먹자마자 돌변한 이유.. (감자탕 첫반응!) | 한국에서 뭐하지?,"한식에서 감자탕이 제일 좋다는 유럽셰프!
산더미로 쌓인 감자탕을 먹은 반응은..?

다니엘: https://www.instagram.com/racinee_seoul
크리스: https://www.instagram.com/indulgencedining
야니스: https://www.youtube.com/@wine__story

♥영상이 재미있으셨다면 구독 좋아요 부탁드립니다♥

👇🏻어썸코리아 출연문의👇🏻
awesomekorea01@gmail.com

한국을 사랑하는 외국인분들의 이야기를 기다립니다:)",https://i.ytimg.com/vi/fXA_o2-8kOg/default.jpg,https://i.ytimg.com/vi/fXA_o2-8kOg/mqdefault.jpg,UC9HNi_aAXBgpI2zhibOAfAA,어썸코리아 Awesome Korea,Entertainment,22.0,2024-02-24 01:30:25+00:00,592998,[![Image](https://i.ytimg.com/vi/fXA_o2-8kOg/default.jpg)](https://www.youtube.com/watch?v=fXA_o2-8kOg),22
P11CcrQUPLc,"죄송합니다, 잠시 해외여행을 중단하겠습니다.","🛖

- 도움 주신 분들 - 
난산리 장인 : https://www.instagram.com/lipkorea/
제주 폐가 리모델링 장인 :  https://www.instagram.com/an_heaven_t/
첫 번째 집 (제주 낙원) : https://www.daangn.com/kr/realty-posts/7JKFuRAtrC
두 번째 집 : https://www.daangn.com/kr/realty-posts/7JJGhgk7TH/
------------------------------------------------------------------------------------------------
음악 :

- 아트리스트 음원 사용 
- elements.envato.com 음원 사용

카메라 :  GOPRO 12
              아이폰 15 PRO
              MAVIC MINI 2
             
편집 : final cut",https://i.ytimg.com/vi/P11CcrQUPLc/default.jpg,https://i.ytimg.com/vi/P11CcrQUPLc/mqdefault.jpg,UCaoqDZPllYXLAH_5OBRLLrw,채코제 Channel Korean Jay,Travel & Events,23.6,2024-02-23 08:00:11+00:00,628273,[![Image](https://i.ytimg.com/vi/P11CcrQUPLc/default.jpg)](https://www.youtube.com/watch?v=P11CcrQUPLc),23
apKAYvQpsNY,24시간동안 입찰 VS 낙찰!! 경매로 따낸 물건으로만 생활한다고?! (반전주의ㅋ),"※ 노랭이 PD : 오 재밌는데?
※ 강호이 : 내가 음식 나눠준 거 왜 편집 당했냐!!
※ 진렬이 : 실제 경매는 안 해봤음..
#파뿌리24 #파뿌리 #챌린지 
파뿌리 채널 구독하기 ☞ https://url.kr/IPn4hC
상경한 세 남자의 유쾌한 매력에 빠져보세요!!

파뿌리24 영상 몰아보기 ☞ https://url.kr/SDQwbZ 
복층라이프 몰아보기 ☞ https://url.kr/w3lLgh
파뿌리 저가락 몰아보기 ☞ https://url.kr/5IUCuO
슈퍼푸드보이 몰아보기 ☞ https://url.kr/JEGKBi
랜덤챌린지 몰아보기 ☞ https://url.kr/iK3q9R
퀴즈먹방 몰아보기 ☞ https://url.kr/QXLzIP
뿌이로그 몰아보기  ☞ https://url.kr/M9DVLH
1분 리뷰 몰아보기 ☞ https://url.kr/nufm3C

[이메일] 콘텐츠요청, 팬 아트, 보내주고픈 말들 : popfree@sandboxnetwork.net
[팬사서함] 서울시 용산구 서빙고로 17 센트럴파크타워, 30층 샌드박스
받는 사람명 - 파뿌리

※촬영 도와주신 하이키 감사드립니다.",https://i.ytimg.com/vi/apKAYvQpsNY/default.jpg,https://i.ytimg.com/vi/apKAYvQpsNY/mqdefault.jpg,UClzB2iZ5jPoTNz0S-QU6Wiw,파뿌리,Entertainment,41.7,2024-02-25 09:00:04+00:00,381361,[![Image](https://i.ytimg.com/vi/apKAYvQpsNY/default.jpg)](https://www.youtube.com/watch?v=apKAYvQpsNY),24
DJxNzBGj73A,"기안84, 시언, 한혜진 신년부터 파국? 세얼간이의 설악산 울산바위 대환장 산행｜삼형제 싸움, 찐남매 케미, 마라맛 토크","안녕하세요 여러분 한혜진입니다
얼마 전, 저희 세 형제가 악! 소리 난다는 설악산에 다녀왔습니다
새벽 5시부터 출발해서 울산바위 코스 시원~하게 타고 내려왔습니다
흔들바위도 흔들어봤는데.. 잘 안되더라고요
혹시 흔들어보신 분 계신가요?^^;
아무튼 정신없는 대 환장의 산행을 담아왔는데요
재미있게 봐주실 거죠?
그.리.고 산행 시에는 항상 안전에 유의하시고 무리하지 마시고
건강만 챙기시길 바라겠습니다.^^

#기안 #이시언 #한혜진 

----------------------------------

🕸방수에 탁월한 노스페이스 고기능성 재킷 알아보기 🕸

[제품명]
- NJ2HQ01D / 마운틴 피크 자켓 (이시언 착용)
- NJ2GQ01B / 고어텍스 마운틴 3L 자켓 (한혜진 착용)
- NJ2GQ03B / 펠릭스 고어텍스 자켓 (기안84 착용)

[구매 링크]
https://www.thenorthfacekorea.co.kr/event/eventlistnf?pagetype=view&storageId=80173",https://i.ytimg.com/vi/DJxNzBGj73A/default.jpg,https://i.ytimg.com/vi/DJxNzBGj73A/mqdefault.jpg,UCkvh3vrWsoi_cd7HyiikzIQ,한혜진 Han Hye Jin,Entertainment,26.5,2024-02-22 09:15:00+00:00,1094091,[![Image](https://i.ytimg.com/vi/DJxNzBGj73A/default.jpg)](https://www.youtube.com/watch?v=DJxNzBGj73A),25
UFhiHqs4L0U,별무리 기행 PV 「≪스파클≫: 무대 뒤에서」 | 〈붕괴: 스타레일〉,"한바탕 연극에 불과하단 걸 깨닫고 떠나려 해도……
≪스파클≫의 무대 말곤 아무것도 없단 걸 곧 깨닫게 될 것이다.

한국어 CV:
스파클——성예원

바로 다운로드
https://hoyo.link/dVDhFDAL

팔로우하고 최신 소식을 확인하세요
공식 홈페이지: https://hsr.hoyoverse.com/ko-kr
HoYoLAB: https://www.hoyolab.com/accountCenter/postList?id=172534910
공식 트위터: https://twitter.com/honkaisr_kr
공식 카페: https://cafe.naver.com/honkaistarrail
공식 카카오톡: http://pf.kakao.com/_SKlsxj
Discord: https://discord.gg/honkaistarrail
Reddit: https://www.reddit.com/r/HonkaiStarRail/

#HonkaiStarRail #스타레일
#스파클",https://i.ytimg.com/vi/UFhiHqs4L0U/default.jpg,https://i.ytimg.com/vi/UFhiHqs4L0U/mqdefault.jpg,UCH33CJMcI0XZUpIhWRHiUuw,붕괴: 스타레일,Gaming,2.8,2024-02-25 04:02:13+00:00,85975,[![Image](https://i.ytimg.com/vi/UFhiHqs4L0U/default.jpg)](https://www.youtube.com/watch?v=UFhiHqs4L0U),26
jYohoxR4hAc,TV로만 보던 선배의 공을 직접...포수 놀래킨 '괴물' 류현진의 첫 불펜 피칭⚾ / 스포츠머그,"한화 스프링캠프에 류현진이 합류해 곧장 불펜 피칭을 소화했습니다. 훈련 합류 첫날엔 가볍게 캐치볼만 하는 게 일반적이지만 불펜 피칭까지 소화한 건데요. 류현진의 투구를 받은 불펜 포수는 ""역시 미국물은 다르다""라며 극찬했습니다. '괴물의 귀환' 한화로 돌아온 류현진의 훈련 모습, 〈스포츠머그〉에서 전해드립니다.

(취재: 이성훈 / 구성: 박진형 / 영상취재: 서진호 / 편집: 류수아 / 제작: 디지털뉴스제작부)

🥇스포츠는 뭐다? ▶ 스포츠머그 SPORTSMUG

#스포츠머그 #한화 #류현진 #KBO #프로야구 #스프링캠프 #불펜피칭 #투구 #투수 #야구 #SMG

♨지금 뜨거운 이슈, 함께 토론하기(스프 구독) : https://premium.sbs.co.kr

▶스포츠머그 채널 구독하기 : https://n.sbs.co.kr/sportsMugTube
▶Homepage : https://videomug.co.kr
▶Facebook : https://www.facebook.com/videomug
▶Twitter : https://twitter.com/videomug_sbs

Copyright Ⓒ SBS. All rights reserved. 무단 전재, 재배포 및 AI학습 이용 금지",https://i.ytimg.com/vi/jYohoxR4hAc/default.jpg,https://i.ytimg.com/vi/jYohoxR4hAc/mqdefault.jpg,UCUQVGXF4U-PupGCPdIRX4Qw,스포츠머그 - SPORTSMUG,Sports,4.4,2024-02-23 09:16:54+00:00,883596,[![Image](https://i.ytimg.com/vi/jYohoxR4hAc/default.jpg)](https://www.youtube.com/watch?v=jYohoxR4hAc),27
V0Qz21y4ZhY,{임신로그} 💛개벤져스 임밍아웃🖤,"안녕하세요 기유TV입니다 :))
개그쀼 기유부부 유튜브의 향-연

골때녀 개벤져스 친구들과 맛있는 밥 먹고 재미있는 토크토크~~~
임신 소식을 알게 된 친구들의 눈물바다까지 ㅋㅋㅋ
재미와 눈물, 콧물까지 뽑은 시간 같이 봐용 🤭😘

다들 많은 축하와 관심 감사합니다 ❣️
#기유티비 #골때녀 #개벤져스 #김민경 #박소영 #오나미  #김혜선  #김승혜 #스테판 #조재진
#임신 #임밍아웃 

구독과 좋아요&댓글 부탁드려욜❤︎ 

문의 : kiyukangbubu@gmail.com

재준In☆ https://www.instagram.com/Jaejunkang/
은형In☆ https://www.instagram.com/melong416/",https://i.ytimg.com/vi/V0Qz21y4ZhY/default.jpg,https://i.ytimg.com/vi/V0Qz21y4ZhY/mqdefault.jpg,UCoKDi-1KsdYjw6lap4ctXRA,기유TV,People & Blogs,15.4,2024-02-23 11:00:32+00:00,393847,[![Image](https://i.ytimg.com/vi/V0Qz21y4ZhY/default.jpg)](https://www.youtube.com/watch?v=V0Qz21y4ZhY),28
jCzez_q8si0,"TWICE ""ONE SPARK"" M/V","TWICE ""ONE SPARK"" M/V

TWICE 13TH MINI ALBUM ""With YOU-th""

+*:ꔫ:* 𝐿𝑖𝑠𝑡𝑒𝑛 𝑊𝑖𝑡ℎ 𝑌𝑂𝑈-𝑡ℎ *:ꔫ:*+
https://TWICE.lnk.to/WithYOU-th 

TWICE Official Shop: https://TWICE.lnk.to/Shop
TWICE Official YouTube: http://www.youtube.com/c/TWICE
TWICE Official Facebook: http://www.facebook.com/JYPETWICE
TWICE Official X(Twitter): http://www.twitter.com/JYPETWICE
TWICE Official TikTok : https://www.tiktok.com/@twice_tiktok_official
TWICE Official Instagram: http://www.instagram.com/TWICETAGRAM
TWICE Official Homepage: http://TWICE.jype.com
TWICE Official FANS (iOS): http://bit.ly/48OILIW 
TWICE Official FANS (Android): http://bit.ly/48tBxKE 

ⓒ 2024 JYP Entertainment. All Rights Reserved

#TWICE #WithYOUth❤️‍🔥#ONESPARK💥",https://i.ytimg.com/vi/jCzez_q8si0/default.jpg,https://i.ytimg.com/vi/jCzez_q8si0/mqdefault.jpg,UCaO6TYtlC8U5ttz62hTrZgg,JYP Entertainment,Music,3.2,2024-02-23 04:58:10+00:00,15122728,[![Image](https://i.ytimg.com/vi/jCzez_q8si0/default.jpg)](https://www.youtube.com/watch?v=jCzez_q8si0),29
jLPe4skReWY,[하나은행] 영웅은 하나! 하나은행 신규 모델 임영웅 첫 인사,"함께 성장하며, 행복을 나누는 금융 🏦
하나은행의 새로운 홍보모델 💚

국민 대세 가수 임영웅이 🎙
올해 처음으로 하나 가족 여러분께
인사말을 올립니다 🙇‍♂

하나은행과 함께하는 임영웅의 활약과 🔥 
앞으로 공개될 케미 듬뿍! 광고 영상까지 
모두 많은 기대 부탁드려요 🎞 

🎉 HANA × HERO 🎉
본격적으로 여정을 시작합니다 ~ ‼

여러분의 많은 사랑과 응원 부탁드립니다 🥰

건행 💪🌸 

#하나은행 #Hanabank 
#임영웅 #limyoungwoong #영웅은하나

-----
※ 본 홍보물은 법령 및 내부통제기준에 따른 절차를 거쳐 제공됩니다.
※ CC브랜드 240223-0283",https://i.ytimg.com/vi/jLPe4skReWY/default.jpg,https://i.ytimg.com/vi/jLPe4skReWY/mqdefault.jpg,UCSHbm2TrspNZ_p_yd39kMNg,하나TV [하나은행],Gaming,0.3,2024-02-23 10:00:35+00:00,218319,[![Image](https://i.ytimg.com/vi/jLPe4skReWY/default.jpg)](https://www.youtube.com/watch?v=jLPe4skReWY),30
IN64B7hbbSs,키 인생터뷰,"#맥도날드 #쿼터파운더치즈 #쿼파치
226g 압도적 두툼함!
고기맛은 두께다, 더블 쿼파치!
지금 맥도날드 앱에서 할인 쿠폰 받기
https://dg95h.app.goo.gl/36Kv

#기안84
IG - @khmnim1513
Biz E-Mail - backho2301@gmail.com",https://i.ytimg.com/vi/IN64B7hbbSs/default.jpg,https://i.ytimg.com/vi/IN64B7hbbSs/mqdefault.jpg,UC1Rz7a_DWtsE9cQwSyElE0Q,인생84,People & Blogs,25.5,2024-02-22 09:00:13+00:00,621472,[![Image](https://i.ytimg.com/vi/IN64B7hbbSs/default.jpg)](https://www.youtube.com/watch?v=IN64B7hbbSs),31
5dbvcGvOgvQ,"주말, 대박집 제육볶음 황금레시피로 밥한공기 뚝딱","#제육볶음

재료 : 앞다리살600g, 양파1개, 통마늘10톨. 대파1대

고기밑간 : 설탕1T, 카레가루1T

중간 : 양조간장2T

양념장 : 고추장2, 고춧가루4, 맛술2, 물엿2, 후추1, 매실액1, 참기름1

1. 돼지고기를 키친타올로 핏기를 닦아주세요

2. 돼지고기에 설탕1T, 카레가루1T 넣은 후 밑간을 해주세요

3. 통마늘을 다져주고, 양파슬라이스, 대파 큼직하게 손질해주세요 

4. 볼에 고추장2T, 고춧가루4T, 미림2T, 물엿2T, 후추1T, 매실액1T 양념장을 만들어주세요

5. 팬에 식용유3T 넣고 기름이 달궈지면 다진마늘을 볶아주세요. 고기를 넣어 볶아주세요

6. 양조간장2T 넣어 간장맛을 입혀요 . 양파 . 양념장 . 대파를 넣어주세요 

8. 불을 끄고 참기름1T를 넣어주세요

⭐️요리왕비룡  멤버십 가입 (응원 감사합니다!)
https://www.youtube.com/channel/UCcNUpInQt1tI3JC_oTPQ20w/join

1컵 = 200ml
1T = 성인숟가락

오늘도 영상을 시청하러 와주셔서 감사합니다.
구독과 좋아요 댓글은 채널에 큰 힘이 됩니다!",https://i.ytimg.com/vi/5dbvcGvOgvQ/default.jpg,https://i.ytimg.com/vi/5dbvcGvOgvQ/mqdefault.jpg,UCcNUpInQt1tI3JC_oTPQ20w,요리왕비룡 Korean Food Cooking,Howto & Style,10.4,2024-02-23 12:16:03+00:00,348576,[![Image](https://i.ytimg.com/vi/5dbvcGvOgvQ/default.jpg)](https://www.youtube.com/watch?v=5dbvcGvOgvQ),32
lYVIaBdK4tQ,SUB) 목살 삼겹살 오겹살 1.5kg 미나리 삼겹살에 어리굴젓 이것이 행복이지 먹방 Pork belly & Spicy oysters REAL SOUND ASMR MUKBANG,"#SUB ) #목살 #대패 #삼겹살 #오겹살 1.5kg #미나리삼겹살 #미삼 에 #어리굴젓 #굴 #생굴 #맥주 이것이 행복이지 먹방 #Pork #belly #porkbelly & #Spicy #oysters #oyster #REAL #SOUND #REALSOUND #ASMR #MUKBANG

♥ 비지니스 메일 ♥ suhyang1019@gmail.com",https://i.ytimg.com/vi/lYVIaBdK4tQ/default.jpg,https://i.ytimg.com/vi/lYVIaBdK4tQ/mqdefault.jpg,UCUxXrqHwz836pHcRZRVJLhw,수향TV [suhyangTV],People & Blogs,15.2,2024-02-25 12:21:03+00:00,68731,[![Image](https://i.ytimg.com/vi/lYVIaBdK4tQ/default.jpg)](https://www.youtube.com/watch?v=lYVIaBdK4tQ),33
H30w1XgziKE,우리 같이 마셔볼래요?💚🥰 | BODY MAINTE Behind,"#NCT127 #NCT 
#ボディメンテ #BODY_MAINTE
#Behind 


NCT Official
https://www.youtube.com/nctsmtown
https://www.instagram.com/nct
https://www.tiktok.com/@official_nct
https://twitter.com/NCTsmtown
https://www.facebook.com/NCT.smtown


NCT 127 Official
https://www.youtube.com/nct127
https://www.instagram.com/nct127
https://www.tiktok.com/@official_nct
https://twitter.com/NCTsmtown_127
https://www.facebook.com/NCT127.smtown",https://i.ytimg.com/vi/H30w1XgziKE/default.jpg,https://i.ytimg.com/vi/H30w1XgziKE/mqdefault.jpg,UCk2E0dbAyEJWnrN2bbQOcbg,NCT 127,Music,18.2,2024-02-25 13:00:21+00:00,174330,[![Image](https://i.ytimg.com/vi/H30w1XgziKE/default.jpg)](https://www.youtube.com/watch?v=H30w1XgziKE),34
nosydGk9J6Q,확신 없는 연애,"#웹드라마 #단기연애 #크크크

승희와 승준이가 놀란 바삭함의 끝판왕! 크크크치킨
소주 안주로도 손색없는 더 맵고! 더 맛있는! 더매운고추치킨

(이 영상은 60계치킨으로부터 제작비를 지원받아 제작되었습니다.)",https://i.ytimg.com/vi/nosydGk9J6Q/default.jpg,https://i.ytimg.com/vi/nosydGk9J6Q/mqdefault.jpg,UC2fRmj7qqiuD5VXtBO4hh2A,픽고 PICKGO,Entertainment,8.8,2024-02-24 10:00:38+00:00,371579,[![Image](https://i.ytimg.com/vi/nosydGk9J6Q/default.jpg)](https://www.youtube.com/watch?v=nosydGk9J6Q),35
RdonfiNi_wQ,렌탈남친한테 한국 가자고 했어요 (비오는 날 데이트),"다음은 두근 두근 한국 여행...!!

ㅡ 
 
♥MY SNS♥
Instagram - https://www.instagram.com/cornu_ryu

ㅡ

비즈니스 문의
nickname_is@naver.com",https://i.ytimg.com/vi/RdonfiNi_wQ/default.jpg,https://i.ytimg.com/vi/RdonfiNi_wQ/mqdefault.jpg,UCkGLGs2ZCNRSlOs9s-8S_qA,류스펜나 (RYU'S PENNA),Entertainment,13.0,2024-02-23 11:00:21+00:00,426772,[![Image](https://i.ytimg.com/vi/RdonfiNi_wQ/default.jpg)](https://www.youtube.com/watch?v=RdonfiNi_wQ),36
o0kylBNAniI,[인터뷰] '전지적 푸바오 시점' 강바오와 송바오의 차이 | 아이바오 | 러바오 | 루이바오 | 후이바오 | 판다 | 판다월드 | 에버랜드 | 송영관 | 강철원,"요즘 용인 에버랜드 내 판다월드 앞에선 매일 '오픈런'이 펼쳐진다. 4월 초 중국 귀환이 확정되어 3월 3일까지만 공개되는 푸바오를 보려고 새벽부터 수천 명이 줄을 선다. 관람시간 5분 제한이라 온라인엔 '연속 5번 줄서기 꿀팁 대방출' 같은 콘텐트가 넘쳐난다. 중고마켓에 에버랜드 큐패스 프리미엄 재판매까지 등장했다. 우리 역사상 동물이 이런 신드롬급 인기를 끈 적도 없고, 슈퍼스타와 강제 이별을 당하는 것도 처음이다. 늘 그 자리에서 죽순과 워토우를 먹고 있을 것만 같은 푸바오를 이제 볼 수 없다니. '푸덕이'들은 귀한 딸을 멀리 떠나보내는 심정이다. 푸바오 출생 당시부터 엄마처럼 돌보며 가장 많은 시간을 함께 한 송영관 사육사 인터뷰를 바탕으로, '전지적 아이바오 시점'에서 푸바오와의 이별 준비를 기사로 꾸몄다. ""판다들과 눈빛만으로 이심전심""이라는 송 사육사는 ""푸바오와의 이별을 아이바오에게 배우고 있지만, 푸바오가 나를 보며 반짝이던 눈빛이 계속 어른거릴 것 같다""며 눈시울을 붉혔다.
유주현 기자 yjjoo@joongang.co.kr

▶️기사 전문 보기: https://www.joongang.co.kr/article/25230815

♪ BGM: EmilyinSeoul 에밀리 (@emilyinseoul326 )",https://i.ytimg.com/vi/o0kylBNAniI/default.jpg,https://i.ytimg.com/vi/o0kylBNAniI/mqdefault.jpg,UCMnF75zGyfZ6mHkSf2NK-aw,중앙SUNDAY,Entertainment,19.8,2024-02-23 09:00:40+00:00,227746,[![Image](https://i.ytimg.com/vi/o0kylBNAniI/default.jpg)](https://www.youtube.com/watch?v=o0kylBNAniI),37
QDWBAajRA5Y,체리가 한국어를 잘해서 미국 어린이집 적응이 힘든 걸까?,"[신간] 당도 100퍼센트의 행복]
예스24 : https://bit.ly/40AzHEq
알라딘 : https://bit.ly/46aZaFG
교보문고 : https://bit.ly/3QXnAyi

[올리버쌤 도서로 학습하기]
(신간) 올리버쌤의 미국식아이영어습관365
https://url.kr/udpt4h
올리버쌤의 영어 회화 일력 365
https://bit.ly/389tTbX
올리버쌤의 영어 꿀팁
http://bit.ly/2QigDck

[인스타그램] 
올리버쌤 http://instagram.com/oliverkorea 
마님툰 http://instagram.com/manim_toon
체리 http://instagram.com/cherry_bbobbo

[네이버 웹툰]
https://comic.naver.com/webtoon/list?titleId=814048

[유기견 입양 신청 및 해외 이동봉사 문의]
메일 2798catherine@gmail.com
인스타 http://instagram.com/volunteer_abcd",https://i.ytimg.com/vi/QDWBAajRA5Y/default.jpg,https://i.ytimg.com/vi/QDWBAajRA5Y/mqdefault.jpg,UCicKQUi8h4NI81wDmrDBD4A,올리버쌤,People & Blogs,15.9,2024-02-23 07:00:16+00:00,690692,[![Image](https://i.ytimg.com/vi/QDWBAajRA5Y/default.jpg)](https://www.youtube.com/watch?v=QDWBAajRA5Y),38
bAwn78FeDwE,[유브이 녹음실] 어서와 창모 집에가 창모 (ENG),#리얼 #동명이인 #악연 #장모님 #사랑합니다 #유브이,https://i.ytimg.com/vi/bAwn78FeDwE/default.jpg,https://i.ytimg.com/vi/bAwn78FeDwE/mqdefault.jpg,UC0oRRcVleNBmELYTgzwoBpg,유브이 방 - UV BANG,Comedy,17.0,2024-02-23 08:00:02+00:00,451513,[![Image](https://i.ytimg.com/vi/bAwn78FeDwE/default.jpg)](https://www.youtube.com/watch?v=bAwn78FeDwE),39
QWy0ixmXBrM,[#라디오스타] 💡라스 레전드 경신💡 서현철도 비켜 갈 불혹의 에피소드 머신 우일이형😋ㅣ#임우일 MBC240221방송,"[#라스퀵]
라스 제작진 선정! 금주 방송 중 가장 HOT한 토크!
가장 빠르게 즐기는 라스퀵💨",https://i.ytimg.com/vi/QWy0ixmXBrM/default.jpg,https://i.ytimg.com/vi/QWy0ixmXBrM/mqdefault.jpg,UCExLc_PM3kDogai56jyZEtg,라디오스타,Entertainment,21.2,2024-02-21 15:30:11+00:00,1050100,[![Image](https://i.ytimg.com/vi/QWy0ixmXBrM/default.jpg)](https://www.youtube.com/watch?v=QWy0ixmXBrM),40
F1BRyhr_NYQ,PLAVE(플레이브) 2nd Mini Album 'ASTERUM : 134-1' Highlight Medley,"PLAVE(플레이브) 2nd Mini Album
'ASTERUM : 134-1' Highlight Medley

2024.02.26 MON 6PM (KST)

🔹PLAVE(플레이브) OFFICIAL
FANCAFE : https://cafe.daum.net/plave
X : https://twitter.com/plave_official
INSTAGRAM : https://www.instagram.com/plave_official
TIKTOK : https://www.tiktok.com/@plave_official
FACEBOOK : https://www.facebook.com/Plave.official

#PLAVE #플레이브
#WAY_4_LUV #W4L
#ASTERUM_1341",https://i.ytimg.com/vi/F1BRyhr_NYQ/default.jpg,https://i.ytimg.com/vi/F1BRyhr_NYQ/mqdefault.jpg,UCPZIPuQPrfrUG9Xe_okEmQA,PLAVE 플레이브,Entertainment,2.2,2024-02-22 15:00:13+00:00,294657,[![Image](https://i.ytimg.com/vi/F1BRyhr_NYQ/default.jpg)](https://www.youtube.com/watch?v=F1BRyhr_NYQ),41
4M-tGAjF6H0,김진우 논란,"=-=-=-=-=-=-=-=-=-=-=-=-=-=-=-=-=-=-=-=-=-=-=-=-=-=-=-=-=-=-=-=-

✿ 생방송은 트위치에서!
 치지직 : https://chzzk.naver.com/5f800579267362c952f76f3c6fe695b2
 Twitch : https://www.twitch.tv/sah_yang
광고문의 : biz@pixelnetwork.co.kr

=-=-=-=-=-=-=-=-=-=-=-=-=-=-=-=-=-=-=-=-=-=-=-=-=-=-=-=-=-=-=-=-


♥구독과 좋아요, 댓글 모두 감사합니다
♥Thanks for Subscribe, Like, and leave a Comment",https://i.ytimg.com/vi/4M-tGAjF6H0/default.jpg,https://i.ytimg.com/vi/4M-tGAjF6H0/mqdefault.jpg,UC1eIASyCXzaeOuBbGOubI9g,금사향,Gaming,8.4,2024-02-24 04:00:03+00:00,145258,[![Image](https://i.ytimg.com/vi/4M-tGAjF6H0/default.jpg)](https://www.youtube.com/watch?v=4M-tGAjF6H0),42
8Qq3csn0cXg,[#전참시] 숙소보다 회사가 더 좋은 르세라핌의 사옥 생활 대공개✨ㅣ#르세라핌 MBC240224방송,"[전지적 참견 시점] 토요일 밤 11시 10분 방송!
MBC의 따끈따끈한 영상을 내 맘대로 편하게 즐기는 채널🌀 
엠뚜루마뚜루 보러가기👉https://www.youtube.com/c/엠뚜루마뚜루
-
#전지적참견시점
#엠뚜루마뚜루

* 전지적 참견 시점 풀영상 보러가기
✔ WAVVE : https://www.wavve.com/player/vod?programid=M_1003594100000100000

✔ iMBC : http://playvod.imbc.com/templete/VodList?bid=1003594100000100000",https://i.ytimg.com/vi/8Qq3csn0cXg/default.jpg,https://i.ytimg.com/vi/8Qq3csn0cXg/mqdefault.jpg,UCiwQRG2sCcfjKkgxMEdJGPg,엠뚜루마뚜루 : MBC 공식 종합 채널,Entertainment,22.0,2024-02-25 02:46:56+00:00,994498,[![Image](https://i.ytimg.com/vi/8Qq3csn0cXg/default.jpg)](https://www.youtube.com/watch?v=8Qq3csn0cXg),43
aALYxZ5wd0o,"[VLOG] 누가 더 좋아? 엄마야 아빠야? (부산 대가족, 친구들 시트콤 일상, 미니 팬미팅 현장)","영상 기다려주셔서 감사합니다!
최근 유준이 돌잔치도 있고 여러가지로 바빠서 업로드가 약간 늦어졌어요!
오늘은 부산 방문기를 소개해요! 늘 즐거운 대가족과 친구들 일상이 많으니
즐겁게 시청해주세요!
아 그리고, 이제 차 타고는 부산 안가려고요...^^
앞으로 비행기나 KTX를 이용해야겠어요!ㅋㅋ
항상 기다려주셔서 고맙습니다!!❤️
주말 마무리는 리쥬라이크와 함께!!!!
사랑합니다💕

instagram : @r_yuhyeju

YouTube & Instagram 문의
lijulike@crbhoney.kr",https://i.ytimg.com/vi/aALYxZ5wd0o/default.jpg,https://i.ytimg.com/vi/aALYxZ5wd0o/mqdefault.jpg,UCYDyvqaGX6WxH77N04sj6mg,리쥬라이크 LIJULIKE,People & Blogs,22.3,2024-02-25 12:00:01+00:00,472837,[![Image](https://i.ytimg.com/vi/aALYxZ5wd0o/default.jpg)](https://www.youtube.com/watch?v=aALYxZ5wd0o),44
rZTByFFlAqk,임신테스트기와 함께 눈물바다가 되었던 날,오랜 기다림 끝에 드디어 임신 테스트기를 하게되는데…,https://i.ytimg.com/vi/rZTByFFlAqk/default.jpg,https://i.ytimg.com/vi/rZTByFFlAqk/mqdefault.jpg,UC47HAkQ6oZ-Hf5SVBGdvP6g,국가비 GabieKook,People & Blogs,12.4,2024-02-22 13:29:33+00:00,1042703,[![Image](https://i.ytimg.com/vi/rZTByFFlAqk/default.jpg)](https://www.youtube.com/watch?v=rZTByFFlAqk),45
nSixD4_WWps,"이번엔 서울맛집이다!!! 마라탕, 꿔바로우, 양꼬치, 비프 웰링턴, 트러플 파스타 뿌셔뿌셔👊 ㅣ 현주디의 맛집추천 EP.03","옳라프 친구들~~~
일산맛집 말고 서울맛집도 찍어달라 그래서
제가 증말~~~열심히 4일동안 찍었는데
현지가 두군데는 폐기하라고...^_^하여서
일단 요렇게 올려봐요?!

열심히 발굴해서 또 서울맛집 찍어볼게요오오옥!!!!
오늘도 영상봐주셔서감사해요
좋아요 알림 구독 부탁드려요 안녕



𝐓𝐢𝐦𝐞𝐥𝐢𝐧𝐞

00:00 오프닝
00:13 첫 번째 맛집 [명봉양꼬치]
           ㄴ서울 광진구 뚝섬로31길 59
05:00 두 번째 맛집 [빠니드엠무니]
           ㄴ서울 강남구 압구정로56길 16
(* 영상 내 자막에 두 번째 맛집 정보 오류가 있어 블러처리 하였습니다) 
07:19 세 번째 맛집 [정띠]
           ㄴ서울 송파구 삼전로13길 36 1층 정띠 gentil
13:15 엔딩



⋱⋰ ⋱⋰ ⋱⋰ ⋱⋰ ⋱⋰ ⋱⋰ ⋱⋰ ⋱⋰ ⋱⋰ ⋱⋰ ⋱⋰


🎀 𝐈𝐧𝐬𝐭𝐚𝐠𝐫𝐚𝐦  @𝐦𝐢𝐧𝐲𝐨𝐮𝐧𝐠_𝐚𝐨𝐫𝐢
       ㄴ https://www.instagram.com/minyoung_aori

🎀 𝐋𝐨𝐚𝐫
      ㄴ https://www.loar.co.kr

🎀𝐋𝐨𝐫𝐝𝐋𝐨𝐚𝐫
      ㄴ https://www.lordloar.com


⋱⋰ ⋱⋰ ⋱⋰ ⋱⋰ ⋱⋰ ⋱⋰ ⋱⋰ ⋱⋰ ⋱⋰ ⋱⋰ ⋱⋰



𝐕𝐢𝐝𝐞𝐨 𝐒𝐨𝐮𝐫𝐜𝐞 𝐒𝐮𝐩𝐩𝐨𝐫𝐭


🎥𝑌𝑜𝑢𝑡𝑢𝑏𝑒 𝑐ℎ𝑎𝑛𝑛𝑒𝑙 ""𝑓𝑟𝑒𝑒𝑡𝑖𝑐𝑜𝑛""
     ㄴhttps://www.youtube.com/c/Freeticon

🎵𝑐𝑟𝑒𝑑𝑖𝑡
Lyrics by Yuwol, View, 아옳이
Arranged by Yuwol
Mixed by Jay Sung",https://i.ytimg.com/vi/nSixD4_WWps/default.jpg,https://i.ytimg.com/vi/nSixD4_WWps/mqdefault.jpg,UCE8SAlfZT-T8iwa7aOD8vaQ,아옳이,People & Blogs,15.4,2024-02-23 10:30:28+00:00,182863,[![Image](https://i.ytimg.com/vi/nSixD4_WWps/default.jpg)](https://www.youtube.com/watch?v=nSixD4_WWps),46
Lh4Dsp4Peq8,'최초 공개' LE SSERAFIM - EASY #엠카운트다운 EP.830 | Mnet 240222 방송,"티빙에서 스트리밍 : https://tving.onelink.me/xHqC/30a78d6f

M COUNTDOWN｜Ep.830
르세라핌 - 이지 (LE SSERAFIM - EASY)

World No.1 K-POP Chart Show M COUNTDOWN
Every Thur 6PM(KST) Mnet Live on Air
매주 목요일 저녁 6시 엠넷 생방송

#티빙에서스트리밍",https://i.ytimg.com/vi/Lh4Dsp4Peq8/default.jpg,https://i.ytimg.com/vi/Lh4Dsp4Peq8/mqdefault.jpg,UCbD8EppRX3ZwJSou-TVo90A,Mnet K-POP,Gaming,4.2,2024-02-22 11:13:16+00:00,1168248,[![Image](https://i.ytimg.com/vi/Lh4Dsp4Peq8/default.jpg)](https://www.youtube.com/watch?v=Lh4Dsp4Peq8),47
jLCcfXfHab0,저 건물이 캣타워구나,"#킥서비스 #2034 #입학 #갤럭시워치 #갤럭시버즈FE #갤럭시프로모션 #갤럭시선물상담소 #개강 #개학 #입학선물 #새내기
킥킥이 여러분 알로하 :)
'2034년 입학' 편이 업로드 되었습니다.
지난 번 업로드한 '2033 고3'편의 쇼미더총장 시온이는 어느 학교를 갔을까요.
재미있게 보시고
부부부불금 보내세요!

킥서비스 X 갤럭시 선물 상담소
대학생 필수품 갤럭시워치6와 버즈FE를
""갤럭시 선물 상담소"" 를 통해 구매하시면
다양한 혜택이 있으니
🔽링크를 참조하세요🔽
💜 워치 6 LOVE 패키지 ⌚ & 버즈 FE LOVE 패키지🎵로 입학 선물하자!
https://www.samsung.com/sec/event/galaxywatch6/

음악출처:
https://www.youtube.com/watch?v=GuRM-iyts2A&t=13s",https://i.ytimg.com/vi/jLCcfXfHab0/default.jpg,https://i.ytimg.com/vi/jLCcfXfHab0/mqdefault.jpg,UC1x03ziDHPct2xTikLyfMDA,킥서비스,Comedy,4.6,2024-02-23 09:00:36+00:00,612389,[![Image](https://i.ytimg.com/vi/jLCcfXfHab0/default.jpg)](https://www.youtube.com/watch?v=jLCcfXfHab0),48
GCNP0Om7ghE,너가 동생 낳아달라며.. ;;,"#83부부 #찐남매 #현실남매

주신님~ 안녕하세요😊
오늘 영상은 방학이라 매일 다투는 은남매를 데리고
친해지길 바래(?) 비슷한 영상을 촬영 해봤습니다ㅎㅎ
아이들이 하루종일 붙어있다보니 사소한 싸움이 많아져서
특단의 조치를 취해봤는데... 큰 변화는 없네요 😭
오늘은 제주 서쪽의 고스트 하우스에 가서 귀신의 집 체험을 하고
제주 광이멀 스테이란 풀빌라에가서 아이들과 즐거운 시간을 가졌습니다
오늘 영상은 저희 주신님들을 위해 특별한 이벤트도 준비했으나
제주 광이멀 스테이에서 제공해 주신
무료 숙박권은 금일 2월 25일 자정을 기점으로 이벤트 응모가 마감되었습니다
우리 주신님들 이번 영상도 봐주셔서 너무 감사드리고,
저희 부부는 다음 주에 더 재밌는 영상으로 찾아오겠습니다🙏
ps: 오늘의 숙소는 제주 광이멀 스테이 입니다 (광고❌  )

비지니스 문의 메일 : 8383bubu@gmail.com
Instagram : https://www.instagram.com/83.bubu/?hl=ko",https://i.ytimg.com/vi/GCNP0Om7ghE/default.jpg,https://i.ytimg.com/vi/GCNP0Om7ghE/mqdefault.jpg,UCcxK1UWTHBVYMce8XekwPgw,83부부,People & Blogs,21.6,2024-02-25 01:15:00+00:00,335729,[![Image](https://i.ytimg.com/vi/GCNP0Om7ghE/default.jpg)](https://www.youtube.com/watch?v=GCNP0Om7ghE),49
hJ4WWLeSSCY,"""빠니보틀, 그는 신인가?"" 웃돈 주고라도 가야 할 북해도 렌터카 여행기 (with 빠니보틀, 영알남, 박민정)","3박4일 내내 눈이 쏟아지던 아름다운 북해도 여행 with @PaniBottle 빠니보틀 @yan3805 영알남 @1995mj 박민정
🔽오늘 영상에 등장한 장소 구글 지도 링크와 촬영도구🔽
✅ 푸드 카메라 : https://link.coupang.com/a/bmCliz
✅ 브이로그 카메라 : https://link.coupang.com/a/bmCkbz
✅ 동시녹음 보이스 레코더 : https://link.coupang.com/a/bmClJz
✅ 후시녹음 나레이션 마이크 : https://link.coupang.com/a/bnDkq7
✅ 랩탑 : https://link.coupang.com/a/bmClTW
(이상 제휴 링크로 구매 시 수수료를 받아 채널 운영에 도움이 됩니다.)

북해도 최고의 징기스칸 https://maps.app.goo.gl/6QLBFRRNjB2AzjJ89
벽난로가 아늑한 오두막 숙소 https://maps.app.goo.gl/zZ9BcgezUCG2hAWL7
포토스팟 크리스마스 나무 https://maps.app.goo.gl/yeGoDLtzcRgevqw18
포토스팟 흰 수염 폭포 https://maps.app.goo.gl/hrk9K2M4SJybci1T6
야외 온천 https://maps.app.goo.gl/UzheJ28AcwLfhbNSA
전망과 대욕장이 훌륭한 가성비 숙소 https://maps.app.goo.gl/XvnjvWzEzBz2GLLV8
탑티어 야키니쿠 https://maps.app.goo.gl/hzBM7mu5cVxFRdD6A
오타루 저녁 카이센동 https://maps.app.goo.gl/4eKv9CWN2MzLB8UN8
오타루 숙소 (대욕장 겁나 좋음) https://maps.app.goo.gl/pbxmwFMnRoVpmH1PA

[육식맨 YOOXICMAN 채널 소개]
고기 없이 못 사는 육식주의자를 위한 본격 육식 요리 채널!!!
평범한 아파트 가정집에서 평범하지 않은 고기 요리에 도전합니다!

유튜브, 인스타그램 외 소셜 미디어를 운영하지 않으며
특히 틱톡, 페이스북의 제 영상은 100% 무단도용(불펌)이니 신고와 제보를 부탁드립니다.
인스타그램 : https://www.instagram.com/yooxicman/
비즈니스 메일 : yooxicman@gmail.com

육식맨 채널에 멤버십 가입하시면 라이브 풀버전 등 더 많은 영상을 시청하실 수 있습니다!
https://www.youtube.com/channel/UC0VR2v4TZeGcOrZHnmwbU_Q/join

[육식맨 영상의 4대 목표]
◇ 참 보기 좋고 먹어 보고 싶은 육식
◇ 군더더기, 시간 낭비 없이 깔끔한 영상 편집
◇ 흥미로우면서 진실한 리액션
◇ 꽤 도움이 되며 부담스럽지 않은 요리 정보

[BGM]
유튜브 저작권 해결되는 구독형 유료 음원 사이트 Artlist
https://artlist.io/Yooxicman-1309311
이 URL을 통해 구독하시면 2개월 추가 혜택을 받으실 수 있고, 
저도 2개월 구독 연장 혜택을 받습니다.",https://i.ytimg.com/vi/hJ4WWLeSSCY/default.jpg,https://i.ytimg.com/vi/hJ4WWLeSSCY/mqdefault.jpg,UC0VR2v4TZeGcOrZHnmwbU_Q,육식맨 YOOXICMAN,Entertainment,39.4,2024-02-20 09:00:13+00:00,1138174,[![Image](https://i.ytimg.com/vi/hJ4WWLeSSCY/default.jpg)](https://www.youtube.com/watch?v=hJ4WWLeSSCY),50
